"Index","KO"
2007-01-03,14.823176
2007-01-04,14.829278
2007-01-05,14.72553
2007-01-08,14.820124
2007-01-09,14.832333
2007-01-10,14.853684
2007-01-11,14.871993
2007-01-12,14.814021
2007-01-16,14.798768
2007-01-17,14.829278
2007-01-18,14.752997
2007-01-19,14.72553
2007-01-22,14.655358
2007-01-23,14.682817
2007-01-24,14.68587
2007-01-25,14.62789
2007-01-26,14.594325
2007-01-29,14.557714
2007-01-30,14.588223
2007-01-31,14.609588
2007-02-01,14.676712
2007-02-02,14.719431
2007-02-05,14.615685
2007-02-06,14.661455
2007-02-07,14.655358
2007-02-08,14.603483
2007-02-09,14.572967
2007-02-12,14.621793
2007-02-13,14.710275
2007-02-14,14.609588
2007-02-15,14.600433
2007-02-16,14.606531
2007-02-20,14.579073
2007-02-21,14.514999
2007-02-22,14.432611
2007-02-23,14.420403
2007-02-26,14.560765
2007-02-27,14.154941
2007-02-28,14.243427
2007-03-01,14.194608
2007-03-02,14.002377
2007-03-05,14.12443
2007-03-06,14.319714
2007-03-07,14.264789
2007-03-08,14.386842
2007-03-09,14.514999
2007-03-12,14.630948
2007-03-13,14.565948
2007-03-14,14.559754
2007-03-15,14.572135
2007-03-16,14.612372
2007-03-19,14.649513
2007-03-20,14.739275
2007-03-21,14.937365
2007-03-22,14.934276
2007-03-23,14.872372
2007-03-26,14.903324
2007-03-27,14.863078
2007-03-28,14.829041
2007-03-29,14.890939
2007-03-30,14.856889
2007-04-02,15.017844
2007-04-03,15.163318
2007-04-04,15.30879
2007-04-05,15.327363
2007-04-09,15.361405
2007-04-10,15.500693
2007-04-11,15.364501
2007-04-12,15.37379
2007-04-13,15.438787
2007-04-16,15.559496
2007-04-17,15.961873
2007-04-18,15.989727
2007-04-19,16.017591
2007-04-20,16.122826
2007-04-23,15.986633
2007-04-24,16.005201
2007-04-25,16.014488
2007-04-26,16.11973
2007-04-27,16.113537
2007-04-30,16.15378
2007-05-01,16.289963
2007-05-02,16.31472
2007-05-03,16.376625
2007-05-04,16.469486
2007-05-07,16.59329
2007-05-08,16.426153
2007-05-09,16.438534
2007-05-10,16.243532
2007-05-11,16.308531
2007-05-14,16.28068
2007-05-15,16.23735
2007-05-16,16.324007
2007-05-17,16.156872
2007-05-18,16.289963
2007-05-21,16.067106
2007-05-22,15.934018
2007-05-23,15.887592
2007-05-24,15.859735
2007-05-25,16.060919
2007-05-29,16.150679
2007-05-30,16.419966
2007-05-31,16.401384
2007-06-01,16.342585
2007-06-04,16.302345
2007-06-05,16.194014
2007-06-06,16.094967
2007-06-07,15.903068
2007-06-08,15.992822
2007-06-11,15.980444
2007-06-12,15.82878
2007-06-13,16.111103
2007-06-14,16.095417
2007-06-15,16.180111
2007-06-18,16.236582
2007-06-19,16.120512
2007-06-20,16.151884
2007-06-21,16.340094
2007-06-22,16.192667
2007-06-25,16.239712
2007-06-26,16.296188
2007-06-27,16.449886
2007-06-28,16.509483
2007-06-29,16.409107
2007-07-02,16.487526
2007-07-03,16.594187
2007-07-05,16.522038
2007-07-06,16.500076
2007-07-09,16.531445
2007-07-10,16.343235
2007-07-11,16.340094
2007-07-12,16.509483
2007-07-13,16.660065
2007-07-16,16.892191
2007-07-17,16.678879
2007-07-18,16.760437
2007-07-19,16.845137
2007-07-20,16.691425
2007-07-23,16.826317
2007-07-24,16.694563
2007-07-25,16.954926
2007-07-26,16.619278
2007-07-27,16.399694
2007-07-30,16.434195
2007-07-31,16.346369
2007-08-01,16.710258
2007-08-02,16.832586
2007-08-03,16.713387
2007-08-06,17.011389
2007-08-07,17.08354
2007-08-08,17.522699
2007-08-09,17.519564
2007-08-10,17.24666
2007-08-13,17.102365
2007-08-14,16.983162
2007-08-15,16.885916
2007-08-16,16.807491
2007-08-17,17.080404
2007-08-20,17.102365
2007-08-21,16.948654
2007-08-22,16.923552
2007-08-23,16.932962
2007-08-24,16.93924
2007-08-27,16.942381
2007-08-28,16.707109
2007-08-29,16.785532
2007-08-30,16.751034
2007-08-31,16.87023
2007-09-04,17.055307
2007-09-05,16.841999
2007-09-06,17.14628
2007-09-07,17.124323
2007-09-10,17.118042
2007-09-11,17.459967
2007-09-12,17.733076
2007-09-13,17.742601
2007-09-14,17.910917
2007-09-17,17.555237
2007-09-18,17.914093
2007-09-19,17.980783
2007-09-20,17.882334
2007-09-21,17.958546
2007-09-24,18.006187
2007-09-25,18.107811
2007-09-26,18.212603
2007-09-27,18.206249
2007-09-28,18.250719
2007-10-01,18.387272
2007-10-02,18.393623
2007-10-03,18.282471
2007-10-04,18.377735
2007-10-05,18.44125
2007-10-08,18.355513
2007-10-09,18.380915
2007-10-10,18.377735
2007-10-11,18.161797
2007-10-12,18.355513
2007-10-15,18.304697
2007-10-16,18.342808
2007-10-17,18.765179
2007-10-18,18.850918
2007-10-19,18.660378
2007-10-22,18.815992
2007-10-23,18.974773
2007-10-24,19.111328
2007-10-25,19.467009
2007-10-26,19.552753
2007-10-29,19.638496
2007-10-30,19.603563
2007-10-31,19.613085
2007-11-01,19.339979
2007-11-02,19.216124
2007-11-05,19.162144
2007-11-06,19.37491
2007-11-07,19.041462
2007-11-08,19.520988
2007-11-09,19.317751
2007-11-12,19.00971
2007-11-13,19.384441
2007-11-14,19.486059
2007-11-15,19.673426
2007-11-16,19.886192
2007-11-19,19.784573
2007-11-20,19.940184
2007-11-21,19.768696
2007-11-23,19.784573
2007-11-26,19.603563
2007-11-27,20.000517
2007-11-28,20.222038
2007-11-29,20.157835
2007-11-30,19.936323
2007-12-03,19.968422
2007-12-04,20.144983
2007-12-05,20.241302
2007-12-06,20.247721
2007-12-07,20.273407
2007-12-10,20.311935
2007-12-11,20.215614
2007-12-12,20.472446
2007-12-13,20.575176
2007-12-14,20.485289
2007-12-17,20.055099
2007-12-18,19.974842
2007-12-19,20.177092
2007-12-20,19.994102
2007-12-21,20.247721
2007-12-24,20.292665
2007-12-26,20.228458
2007-12-27,20.000517
2007-12-28,19.990891
2007-12-31,19.701965
2008-01-02,19.612074
2008-01-03,19.817532
2008-01-04,19.856058
2008-01-07,20.324774
2008-01-08,20.408239
2008-01-09,20.954
2008-01-10,21.047096
2008-01-11,20.472446
2008-01-14,20.642597
2008-01-15,20.421082
2008-01-16,20.112885
2008-01-17,19.917057
2008-01-18,19.499706
2008-01-22,18.873688
2008-01-23,18.89937
2008-01-24,19.223616
2008-01-25,18.751696
2008-01-28,19.072731
2008-01-29,18.796637
2008-01-30,18.546232
2008-01-31,18.941107
2008-02-01,19.024572
2008-02-04,18.822321
2008-02-05,18.427454
2008-02-06,18.52697
2008-02-07,18.764536
2008-02-08,19.021364
2008-02-11,19.101624
2008-02-12,19.23646
2008-02-13,19.066307
2008-02-14,18.796637
2008-02-15,18.864054
2008-02-19,18.652174
2008-02-20,18.693905
2008-02-21,18.616861
2008-02-22,18.703535
2008-02-25,18.86727
2008-02-26,19.108042
2008-02-27,19.278187
2008-02-28,19.088783
2008-02-29,18.767746
2008-03-03,18.947527
2008-03-04,19.059889
2008-03-05,19.159409
2008-03-06,18.973206
2008-03-07,18.892952
2008-03-10,18.831951
2008-03-11,19.091995
2008-03-12,19.248079
2008-03-13,19.163536
2008-03-14,18.708263
2008-03-17,18.760298
2008-03-18,19.319626
2008-03-19,19.498476
2008-03-20,19.849686
2008-03-24,19.895216
2008-03-25,19.970011
2008-03-26,19.88546
2008-03-27,19.937496
2008-03-28,19.817169
2008-03-31,19.794409
2008-04-01,19.979763
2008-04-02,19.661079
2008-04-03,19.693594
2008-04-04,19.592789
2008-04-07,19.631804
2008-04-08,19.677334
2008-04-09,19.765139
2008-04-10,19.943993
2008-04-11,19.605801
2008-04-14,19.836678
2008-04-15,19.817169
2008-04-16,19.88546
2008-04-17,19.73262
2008-04-18,19.547258
2008-04-21,19.625303
2008-04-22,19.475716
2008-04-23,19.615551
2008-04-24,19.592789
2008-04-25,19.293613
2008-04-28,19.17979
2008-04-29,19.095243
2008-04-30,19.14402
2008-05-01,19.215563
2008-05-02,19.111509
2008-05-05,18.984678
2008-05-06,18.948912
2008-05-07,18.54567
2008-05-08,18.305029
2008-05-09,18.259504
2008-05-12,18.340801
2008-05-13,18.37332
2008-05-14,18.386332
2008-05-15,18.539165
2008-05-16,18.55868
2008-05-19,18.705015
2008-05-20,18.565182
2008-05-21,18.4221
2008-05-22,18.948912
2008-05-23,19.065979
2008-05-27,19.052971
2008-05-28,18.678999
2008-05-29,18.818825
2008-05-30,18.620459
2008-06-02,18.535913
2008-06-03,18.340801
2008-06-04,18.438358
2008-06-05,18.5977
2008-06-06,18.145689
2008-06-09,18.165201
2008-06-10,18.864359
2008-06-11,18.82811
2008-06-12,18.82811
2008-06-13,18.261354
2008-06-16,17.852768
2008-06-17,17.78027
2008-06-18,17.516668
2008-06-19,17.582573
2008-06-20,17.681423
2008-06-23,17.54962
2008-06-24,17.585865
2008-06-25,17.826399
2008-06-26,17.536442
2008-06-27,17.081715
2008-06-30,17.127851
2008-07-01,16.80493
2008-07-02,16.926847
2008-07-03,16.963095
2008-07-07,16.900488
2008-07-08,16.959801
2008-07-09,16.768681
2008-07-10,16.488604
2008-07-11,16.56439
2008-07-14,16.79175
2008-07-15,17.065241
2008-07-16,17.246469
2008-07-17,16.587456
2008-07-18,16.485312
2008-07-21,16.34362
2008-07-22,16.920254
2008-07-23,17.299191
2008-07-24,17.088305
2008-07-25,17.154209
2008-07-28,16.854351
2008-07-29,16.992752
2008-07-30,16.907074
2008-07-31,16.969685
2008-08-01,17.510084
2008-08-04,17.760504
2008-08-05,18.093309
2008-08-06,18.24159
2008-08-07,17.796755
2008-08-08,18.258064
2008-08-11,18.238289
2008-08-12,18.053772
2008-08-13,18.192162
2008-08-14,18.129555
2008-08-15,18.142735
2008-08-18,17.902189
2008-08-19,17.902189
2008-08-20,17.908781
2008-08-21,17.63199
2008-08-22,17.915373
2008-08-25,17.651768
2008-08-26,17.635294
2008-08-27,17.72426
2008-08-28,17.503489
2008-08-29,17.157499
2008-09-02,17.121256
2008-09-03,17.022402
2008-09-04,17.038879
2008-09-05,17.111376
2008-09-08,17.589161
2008-09-09,17.753916
2008-09-10,17.730848
2008-09-11,18.098503
2008-09-12,18.215479
2008-09-15,18.29904
2008-09-16,18.332457
2008-09-17,17.600498
2008-09-18,17.844486
2008-09-19,17.620554
2008-09-22,17.172686
2008-09-23,16.938728
2008-09-24,16.774958
2008-09-25,17.199425
2008-09-26,17.540339
2008-09-29,17.055706
2008-09-30,17.67403
2008-10-01,18.101843
2008-10-02,17.914677
2008-10-03,17.570419
2008-10-06,17.01894
2008-10-07,16.477489
2008-10-08,15.845795
2008-10-09,14.472116
2008-10-10,13.870506
2008-10-13,15.795657
2008-10-14,14.615835
2008-10-15,14.776263
2008-10-16,15.301005
2008-10-17,14.772923
2008-10-20,15.528273
2008-10-21,15.384557
2008-10-22,15.16731
2008-10-23,14.391899
2008-10-24,13.907271
2008-10-27,13.70673
2008-10-28,15.123861
2008-10-29,14.655942
2008-10-30,14.926666
2008-10-31,14.72613
2008-11-03,15.19071
2008-11-04,15.384557
2008-11-05,14.950066
2008-11-06,14.869846
2008-11-07,15.458095
2008-11-10,15.341113
2008-11-11,14.853137
2008-11-12,14.649255
2008-11-13,15.468122
2008-11-14,15.046992
2008-11-17,14.696046
2008-11-18,14.535622
2008-11-19,14.127863
2008-11-20,13.726788
2008-11-21,14.706075
2008-11-24,15.117176
2008-11-25,15.063705
2008-11-26,15.427457
2008-11-28,15.934005
2008-12-01,15.070501
2008-12-02,14.934516
2008-12-03,15.685831
2008-12-04,15.213283
2008-12-05,15.631436
2008-12-08,15.631436
2008-12-09,15.240483
2008-12-10,15.403663
2008-12-11,15.033106
2008-12-12,15.152094
2008-12-15,15.288076
2008-12-16,15.794617
2008-12-17,15.461455
2008-12-18,15.359468
2008-12-19,15.104502
2008-12-22,15.182689
2008-12-23,14.948115
2008-12-24,14.992313
2008-12-26,15.155493
2008-12-29,15.097698
2008-12-30,15.274478
2008-12-31,15.390062
2009-01-02,15.604239
2009-01-05,15.447854
2009-01-06,15.199685
2009-01-07,15.274478
2009-01-08,15.379867
2009-01-09,15.162293
2009-01-12,14.866517
2009-01-13,14.965114
2009-01-14,14.489165
2009-01-15,14.740738
2009-01-16,14.903921
2009-01-20,14.577557
2009-01-21,14.716941
2009-01-22,14.65915
2009-01-23,14.346387
2009-01-26,14.62855
2009-01-27,14.730539
2009-01-28,14.910721
2009-01-29,14.805333
2009-01-30,14.523165
2009-02-02,14.359979
2009-02-03,14.72714
2009-02-04,14.414371
2009-02-05,14.512961
2009-02-06,14.805333
2009-02-09,14.38378
2009-02-10,13.826241
2009-02-11,14.03022
2009-02-12,15.090895
2009-02-13,14.907318
2009-02-17,14.482365
2009-02-18,14.509562
2009-02-19,14.720339
2009-02-20,14.563956
2009-02-23,14.30899
2009-02-24,14.638749
2009-02-25,14.40418
2009-02-26,13.962221
2009-02-27,13.887436
2009-03-02,13.493077
2009-03-03,13.200712
2009-03-04,13.506678
2009-03-05,12.86755
2009-03-06,13.2925
2009-03-09,13.173512
2009-03-10,13.312899
2009-03-11,13.739995
2009-03-12,14.180981
2009-03-13,14.312926
2009-03-16,14.330291
2009-03-17,14.39279
2009-03-18,14.46224
2009-03-19,14.646271
2009-03-20,14.805999
2009-03-23,15.326844
2009-03-24,15.28518
2009-03-25,15.538656
2009-03-26,15.573379
2009-03-27,15.660187
2009-03-30,15.250457
2009-03-31,15.260876
2009-04-01,15.576852
2009-04-02,15.743526
2009-04-03,15.615051
2009-04-06,15.621996
2009-04-07,15.493521
2009-04-08,15.621996
2009-04-09,15.621996
2009-04-13,15.531716
2009-04-14,15.351157
2009-04-15,15.635884
2009-04-16,15.660187
2009-04-17,15.632407
2009-04-20,15.392824
2009-04-21,14.962255
2009-04-22,14.906696
2009-04-23,14.903219
2009-04-24,14.858082
2009-04-27,14.667108
2009-04-28,14.680994
2009-04-29,14.8303
2009-04-30,14.94836
2009-05-01,14.746973
2009-05-04,14.990029
2009-05-05,14.979614
2009-05-06,14.910167
2009-05-07,14.861557
2009-05-08,14.903219
2009-05-11,14.844193
2009-05-12,15.417128
2009-05-13,15.149759
2009-05-14,15.590743
2009-05-15,15.611577
2009-05-18,15.997006
2009-05-19,16.194927
2009-05-20,16.319929
2009-05-21,16.208818
2009-05-22,16.424103
2009-05-26,16.392847
2009-05-27,16.191456
2009-05-28,16.285206
2009-05-29,17.069956
2009-06-01,17.021343
2009-06-02,17.243572
2009-06-03,17.045647
2009-06-04,17.278296
2009-06-05,17.167179
2009-06-08,17.146341
2009-06-09,17.045647
2009-06-10,16.809528
2009-06-11,17.159212
2009-06-12,17.268711
2009-06-15,16.993206
2009-06-16,16.8943
2009-06-17,16.929621
2009-06-18,17.501831
2009-06-19,17.240458
2009-06-22,16.950819
2009-06-23,16.883705
2009-06-24,16.77775
2009-06-25,16.901365
2009-06-26,17.000267
2009-06-29,17.056782
2009-06-30,16.950819
2009-07-01,17.371145
2009-07-02,17.265179
2009-07-06,17.307568
2009-07-07,17.180407
2009-07-08,17.134485
2009-07-09,17.20513
2009-07-10,17.063845
2009-07-13,17.325224
2009-07-14,17.409996
2009-07-15,17.847982
2009-07-16,17.939823
2009-07-17,17.773811
2009-07-20,18.024593
2009-07-21,17.784405
2009-07-22,17.353483
2009-07-23,17.371145
2009-07-24,17.434717
2009-07-27,17.491232
2009-07-28,17.445316
2009-07-29,17.406467
2009-07-30,17.544214
2009-07-31,17.604263
2009-08-03,17.519495
2009-08-04,17.484171
2009-08-05,17.367615
2009-08-06,17.445316
2009-08-07,17.42766
2009-08-10,17.46298
2009-08-11,17.321692
2009-08-12,17.116829
2009-08-13,16.996731
2009-08-14,17.120361
2009-08-17,17.201603
2009-08-18,17.169811
2009-08-19,17.434717
2009-08-20,17.455915
2009-08-21,17.628984
2009-08-24,17.32876
2009-08-25,17.215734
2009-08-26,17.371145
2009-08-27,17.46298
2009-08-28,17.32876
2009-08-31,17.226326
2009-09-01,17.141548
2009-09-02,17.590147
2009-09-03,17.512432
2009-09-04,17.64312
2009-09-08,17.805599
2009-09-09,17.88331
2009-09-10,17.865646
2009-09-11,18.493958
2009-09-14,18.727327
2009-09-15,18.831451
2009-09-16,18.910439
2009-09-17,19.179712
2009-09-18,19.301788
2009-09-21,19.028923
2009-09-22,18.975063
2009-09-23,18.87813
2009-09-24,18.791954
2009-09-25,19.018152
2009-09-28,19.075596
2009-09-29,19.140224
2009-09-30,19.280245
2009-10-01,19.072004
2009-10-02,19.341282
2009-10-05,19.316153
2009-10-06,19.502848
2009-10-07,19.678782
2009-10-08,19.599787
2009-10-09,19.621328
2009-10-12,19.671595
2009-10-13,19.675186
2009-10-14,19.68955
2009-10-15,19.718267
2009-10-16,19.750584
2009-10-19,19.671595
2009-10-20,19.413094
2009-10-21,19.413094
2009-10-22,19.441816
2009-10-23,19.115093
2009-10-26,19.111502
2009-10-27,19.194082
2009-10-28,19.21203
2009-10-29,19.420269
2009-10-30,19.140224
2009-11-02,19.28743
2009-11-03,19.072004
2009-11-04,19.204849
2009-11-05,19.531574
2009-11-06,19.563887
2009-11-09,19.919334
2009-11-10,20.037811
2009-11-11,20.152704
2009-11-12,20.08449
2009-11-13,20.271189
2009-11-16,20.371719
2009-11-17,20.418392
2009-11-18,20.314274
2009-11-19,20.421982
2009-11-20,20.637396
2009-11-23,20.910271
2009-11-24,20.892319
2009-11-25,20.8636
2009-11-27,20.823542
2009-11-30,20.830822
2009-12-01,21.151295
2009-12-02,21.107595
2009-12-03,20.856312
2009-12-04,20.936432
2009-12-07,21.07482
2009-12-08,21.00563
2009-12-09,21.060253
2009-12-10,21.333387
2009-12-11,21.526392
2009-12-14,21.500902
2009-12-15,21.508188
2009-12-16,21.275108
2009-12-17,20.750704
2009-12-18,20.728848
2009-12-21,20.823542
2009-12-22,20.856312
2009-12-23,20.8636
2009-12-24,20.918222
2009-12-28,20.918222
2009-12-29,21.027477
2009-12-30,21.00563
2009-12-31,20.757988
2010-01-04,20.772547
2010-01-05,20.521273
2010-01-06,20.51399
2010-01-07,20.463005
2010-01-08,20.084265
2010-01-11,20.492134
2010-01-12,20.714285
2010-01-13,20.768915
2010-01-14,20.805328
2010-01-15,20.499422
2010-01-19,20.546761
2010-01-20,20.211727
2010-01-21,19.800203
2010-01-22,19.752863
2010-01-25,19.792919
2010-01-26,19.716448
2010-01-27,19.851189
2010-01-28,19.731012
2010-01-29,19.756498
2010-02-01,19.803844
2010-02-02,20.047844
2010-02-03,19.982294
2010-02-04,19.457878
2010-02-05,19.334057
2010-02-08,19.173824
2010-02-09,19.669106
2010-02-10,19.588987
2010-02-11,19.745583
2010-02-12,19.658175
2010-02-16,19.964088
2010-02-17,20.149818
2010-02-18,20.361034
2010-02-19,20.291843
2010-02-22,20.168018
2010-02-23,19.967731
2010-02-24,20.087902
2010-02-25,19.344986
2010-02-26,19.19932
2010-03-01,19.399611
2010-03-02,19.41054
2010-03-03,19.639971
2010-03-04,19.836622
2010-03-05,19.92038
2010-03-08,19.832981
2010-03-09,19.731012
2010-03-10,19.738297
2010-03-11,19.841949
2010-03-12,19.749403
2010-03-15,19.860456
2010-03-16,19.878965
2010-03-17,19.930796
2010-03-18,19.971516
2010-03-19,20.267666
2010-03-22,20.189922
2010-03-23,20.471264
2010-03-24,20.219538
2010-03-25,20.286169
2010-03-26,20.230646
2010-03-29,20.275064
2010-03-30,20.31208
2010-03-31,20.360212
2010-04-01,20.471264
2010-04-05,20.308384
2010-04-06,20.097378
2010-04-07,19.923388
2010-04-08,19.901175
2010-04-09,20.208431
2010-04-12,20.271364
2010-04-13,20.367615
2010-04-14,20.341696
2010-04-15,20.086269
2010-04-16,20.349108
2010-04-19,20.478666
2010-04-20,20.164009
2010-04-21,20.06036
2010-04-22,20.104778
2010-04-23,19.945601
2010-04-26,19.89007
2010-04-27,19.571711
2010-04-28,19.753103
2010-04-29,19.89377
2010-04-30,19.786417
2010-05-03,19.901175
2010-05-04,19.686472
2010-05-05,19.864159
2010-05-06,19.36071
2010-05-07,19.497675
2010-05-10,20.004827
2010-05-11,19.84565
2010-05-12,19.997425
2010-05-13,19.801226
2010-05-14,19.745701
2010-05-17,19.771616
2010-05-18,19.656858
2010-05-19,19.664261
2010-05-20,19.079361
2010-05-21,19.097874
2010-05-24,19.049751
2010-05-25,18.738792
2010-05-26,18.538897
2010-05-27,18.964607
2010-05-28,19.027544
2010-06-01,18.986816
2010-06-02,19.40143
2010-06-03,19.52729
2010-06-04,18.97942
2010-06-07,18.805424
2010-06-08,19.086771
2010-06-09,19.009031
2010-06-10,19.416231
2010-06-11,19.446358
2010-06-14,19.393642
2010-06-15,19.645901
2010-06-16,19.728733
2010-06-17,19.713671
2010-06-18,19.694851
2010-06-21,19.758846
2010-06-22,19.751322
2010-06-23,19.668491
2010-06-24,19.502825
2010-06-25,18.923014
2010-06-28,19.231747
2010-06-29,18.949377
2010-06-30,18.870308
2010-07-01,18.836416
2010-07-02,18.843948
2010-07-06,18.98702
2010-07-07,19.378586
2010-07-08,19.736261
2010-07-09,19.728733
2010-07-12,19.747559
2010-07-13,19.849209
2010-07-14,19.88686
2010-07-15,19.898151
2010-07-16,19.717432
2010-07-19,19.679789
2010-07-20,20.044992
2010-07-21,20.361258
2010-07-22,20.429029
2010-07-23,20.613514
2010-07-26,20.685051
2010-07-27,20.726465
2010-07-28,20.662462
2010-07-29,20.703871
2010-07-30,20.749054
2010-08-02,21.238508
2010-08-03,21.227205
2010-08-04,21.291222
2010-08-05,21.223444
2010-08-06,21.366516
2010-08-09,21.502054
2010-08-10,21.45311
2010-08-11,21.099201
2010-08-12,20.967424
2010-08-13,20.982479
2010-08-16,21.03896
2010-08-17,21.129318
2010-08-18,21.023901
2010-08-19,20.813057
2010-08-20,20.820589
2010-08-23,20.933538
2010-08-24,20.956131
2010-08-25,20.854479
2010-08-26,20.767876
2010-08-27,21.144382
2010-08-30,20.914713
2010-08-31,21.03896
2010-09-01,21.57736
2010-09-02,21.60371
2010-09-03,21.671492
2010-09-07,21.697842
2010-09-08,21.773144
2010-09-09,21.946331
2010-09-10,22.032927
2010-09-13,22.182001
2010-09-14,22.013815
2010-09-15,21.94883
2010-09-16,21.983231
2010-09-17,22.00235
2010-09-20,22.159067
2010-09-21,22.212587
2010-09-22,22.258459
2010-09-23,22.120846
2010-09-24,22.407532
2010-09-27,22.399889
2010-09-28,22.591009
2010-09-29,22.461042
2010-09-30,22.369308
2010-10-01,22.598658
2010-10-04,22.506916
2010-10-05,22.805075
2010-10-06,22.858587
2010-10-07,22.720982
2010-10-08,22.709505
2010-10-11,22.766848
2010-10-12,22.782137
2010-10-13,22.912106
2010-10-14,22.900635
2010-10-15,22.912106
2010-10-18,22.935038
2010-10-19,23.065006
2010-10-20,23.374624
2010-10-21,23.496948
2010-10-22,23.550463
2010-10-25,23.321112
2010-10-26,23.409029
2010-10-27,23.389915
2010-10-28,23.39756
2010-10-29,23.439608
2010-11-01,23.588688
2010-11-02,23.646023
2010-11-03,23.680431
2010-11-04,23.871555
2010-11-05,23.921246
2010-11-08,23.87537
2010-11-09,23.944178
2010-11-10,23.909779
2010-11-11,24.005341
2010-11-12,24.05121
2010-11-15,24.066502
2010-11-16,23.730122
2010-11-17,23.898315
2010-11-18,24.402882
2010-11-19,24.586363
2010-11-22,24.567242
2010-11-23,24.318785
2010-11-24,24.697218
2010-11-26,24.506092
2010-11-29,24.568106
2010-11-30,24.482834
2010-12-01,25.075811
2010-12-02,25.153334
2010-12-03,24.998299
2010-12-06,24.800642
2010-12-07,24.858774
2010-12-08,24.955671
2010-12-09,25.126204
2010-12-10,25.056438
2010-12-13,25.133955
2010-12-14,24.765762
2010-12-15,25.091322
2010-12-16,25.32386
2010-12-17,25.463381
2010-12-20,25.312231
2010-12-21,25.381998
2010-12-22,25.420757
2010-12-23,25.416878
2010-12-27,25.219223
2010-12-28,25.331617
2010-12-29,25.366493
2010-12-30,25.385876
2010-12-31,25.490513
2011-01-03,25.277353
2011-01-04,24.754137
2011-01-05,24.606861
2011-01-06,24.428574
2011-01-07,24.385939
2011-01-10,24.440199
2011-01-11,24.296801
2011-01-12,24.432447
2011-01-13,24.57198
2011-01-14,24.467333
2011-01-18,24.602983
2011-01-19,24.579727
2011-01-20,24.389816
2011-01-21,24.327808
2011-01-24,24.513844
2011-01-25,24.401445
2011-01-26,24.401445
2011-01-27,24.300676
2011-01-28,24.110769
2011-01-31,24.35881
2011-02-01,24.436325
2011-02-02,24.362686
2011-02-03,24.25029
2011-02-04,24.246416
2011-02-07,24.230915
2011-02-08,24.366564
2011-02-09,24.475084
2011-02-10,24.626234
2011-02-11,24.637861
2011-02-14,24.471205
2011-02-15,24.490583
2011-02-16,24.57198
2011-02-17,25.017681
2011-02-18,25.017681
2011-02-22,24.711502
2011-02-23,24.769636
2011-02-24,24.758007
2011-02-25,24.924664
2011-02-28,24.77351
2011-03-01,25.157202
2011-03-02,24.971174
2011-03-03,25.413004
2011-03-04,25.273474
2011-03-07,25.277353
2011-03-08,25.44013
2011-03-09,25.432381
2011-03-10,25.304482
2011-03-11,25.485369
2011-03-14,25.143261
2011-03-15,24.785419
2011-03-16,24.223095
2011-03-17,24.490494
2011-03-18,24.655657
2011-03-21,24.997766
2011-03-22,24.974173
2011-03-23,25.273027
2011-03-24,25.438185
2011-03-25,25.646597
2011-03-28,25.571884
2011-03-29,25.843216
2011-03-30,25.969051
2011-03-31,26.087013
2011-04-01,26.43306
2011-04-04,26.606083
2011-04-05,26.531366
2011-04-06,26.594288
2011-04-07,26.519571
2011-04-08,26.452721
2011-04-11,26.503843
2011-04-12,26.30722
2011-04-13,26.456657
2011-04-14,26.861679
2011-04-15,26.743717
2011-04-18,26.468447
2011-04-19,26.381937
2011-04-20,26.680796
2011-04-21,26.692593
2011-04-25,26.637539
2011-04-26,26.319029
2011-04-27,26.346548
2011-04-28,26.507776
2011-04-29,26.527435
2011-05-02,26.629679
2011-05-03,26.692593
2011-05-04,26.527435
2011-05-05,26.228575
2011-05-06,26.30722
2011-05-09,26.326889
2011-05-10,26.480244
2011-05-11,26.472387
2011-05-12,26.861679
2011-05-13,26.810562
2011-05-16,26.672935
2011-05-17,26.735846
2011-05-18,26.85775
2011-05-19,26.920671
2011-05-20,26.85775
2011-05-23,26.539234
2011-05-24,26.531366
2011-05-25,26.311161
2011-05-26,26.228575
2011-05-27,26.153864
2011-05-31,26.271835
2011-06-01,26.252174
2011-06-02,25.969051
2011-06-03,25.768496
2011-06-06,25.725243
2011-06-07,25.638729
2011-06-08,25.717381
2011-06-09,25.910055
2011-06-10,25.713448
2011-06-13,25.980755
2011-06-14,26.176247
2011-06-15,25.920908
2011-06-16,26.128366
2011-06-17,26.180243
2011-06-20,26.264023
2011-06-21,26.435577
2011-06-22,26.491432
2011-06-23,25.9249
2011-06-24,25.904951
2011-06-27,26.016659
2011-06-28,26.343811
2011-06-29,26.615112
2011-06-30,26.846514
2011-07-01,27.165678
2011-07-05,27.249472
2011-07-06,27.341234
2011-07-07,27.429003
2011-07-08,27.401083
2011-07-11,27.16968
2011-07-12,27.069937
2011-07-13,27.153717
2011-07-14,26.998116
2011-07-15,26.942265
2011-07-18,26.778688
2011-07-19,27.656416
2011-07-20,27.476883
2011-07-21,27.664394
2011-07-22,27.819994
2011-07-25,27.632484
2011-07-26,27.604549
2011-07-27,27.405066
2011-07-28,27.45294
2011-07-29,27.133764
2011-08-01,27.02206
2011-08-02,26.758738
2011-08-03,27.289371
2011-08-04,26.260029
2011-08-05,26.639046
2011-08-08,25.980755
2011-08-09,26.603146
2011-08-10,25.51795
2011-08-11,26.51936
2011-08-12,26.786665
2011-08-15,27.209568
2011-08-16,27.197601
2011-08-17,27.640455
2011-08-18,27.034029
2011-08-19,26.77071
2011-08-22,26.838535
2011-08-23,27.552689
2011-08-24,27.800045
2011-08-25,27.117811
2011-08-26,27.329268
2011-08-29,27.819994
2011-08-30,27.871859
2011-08-31,28.107246
2011-09-01,28.107246
2011-09-02,27.823982
2011-09-06,27.700294
2011-09-07,28.246893
2011-09-08,28.394503
2011-09-09,27.676373
2011-09-12,27.680357
2011-09-13,27.947294
2011-09-14,28.218267
2011-09-15,28.723825
2011-09-16,28.808762
2011-09-19,28.509468
2011-09-20,28.574183
2011-09-21,28.020086
2011-09-22,27.429596
2011-09-23,27.267818
2011-09-26,27.809776
2011-09-27,28.137381
2011-09-28,27.526663
2011-09-29,27.927065
2011-09-30,27.324438
2011-10-03,26.45892
2011-10-04,26.38208
2011-10-05,26.50341
2011-10-06,26.446789
2011-10-07,26.653057
2011-10-10,27.05751
2011-10-11,27.017056
2011-10-12,27.29208
2011-10-13,27.259729
2011-10-14,27.441732
2011-10-17,27.097946
2011-10-18,26.99279
2011-10-19,27.110079
2011-10-20,27.146481
2011-10-21,27.579243
2011-10-24,27.449823
2011-10-25,27.077726
2011-10-26,27.288046
2011-10-27,27.732935
2011-10-28,27.878531
2011-10-31,27.631819
2011-11-01,27.114124
2011-11-02,27.409378
2011-11-03,27.765287
2011-11-04,27.413418
2011-11-07,27.587326
2011-11-08,27.765287
2011-11-09,27.110079
2011-11-10,27.255684
2011-11-11,27.55093
2011-11-14,27.417461
2011-11-15,27.502396
2011-11-16,27.101995
2011-11-17,26.944263
2011-11-18,27.255684
2011-11-21,26.673279
2011-11-22,26.681368
2011-11-23,26.236479
2011-11-25,26.183897
2011-11-28,26.357813
2011-11-29,27.162134
2011-11-30,27.588911
2011-12-01,27.424765
2011-12-02,27.240101
2011-12-05,27.211372
2011-12-06,27.363213
2011-12-07,27.404242
2011-12-08,27.383726
2011-12-09,27.728434
2011-12-12,27.449389
2011-12-13,27.281137
2011-12-14,27.190855
2011-12-15,27.449389
2011-12-16,27.675083
2011-12-19,27.646368
2011-12-20,28.069038
2011-12-21,28.549166
2011-12-22,28.39323
2011-12-23,28.701008
2011-12-27,28.676374
2011-12-28,28.524544
2011-12-29,28.791288
2011-12-30,28.713312
2012-01-03,28.783077
2012-01-04,28.60251
2012-01-05,28.467096
2012-01-06,28.286535
2012-01-09,28.286535
2012-01-10,28.454782
2012-01-11,27.929514
2012-01-12,27.728434
2012-01-13,27.490416
2012-01-17,27.638153
2012-01-18,27.736643
2012-01-19,27.679193
2012-01-20,27.941822
2012-01-23,28.122379
2012-01-24,27.863857
2012-01-25,28.081348
2012-01-26,27.908997
2012-01-27,27.675083
2012-01-30,27.683294
2012-01-31,27.712021
2012-02-01,27.843334
2012-02-02,27.835133
2012-02-03,27.937723
2012-02-06,27.9172
2012-02-07,28.130589
2012-02-08,28.040318
2012-02-09,27.89258
2012-02-10,27.880272
2012-02-13,28.085457
2012-02-14,28.274218
2012-02-15,28.069038
2012-02-16,28.257809
2012-02-17,28.335779
2012-02-21,28.241385
2012-02-22,28.417845
2012-02-23,28.38912
2012-02-24,28.31526
2012-02-27,28.245497
2012-02-28,28.253698
2012-02-29,28.668163
2012-03-01,28.56148
2012-03-02,28.38912
2012-03-05,28.409645
2012-03-06,28.21677
2012-03-07,28.229082
2012-03-08,28.426052
2012-03-09,28.524544
2012-03-12,28.787184
2012-03-13,29.253571
2012-03-14,29.241072
2012-03-15,29.286882
2012-03-16,29.216095
2012-03-19,29.316036
2012-03-20,29.395153
2012-03-21,29.615856
2012-03-22,29.740784
2012-03-23,29.769932
2012-03-26,29.940666
2012-03-27,29.928169
2012-03-28,30.257145
2012-03-29,30.736029
2012-03-30,30.819321
2012-04-02,30.873447
2012-04-03,30.7152
2012-04-04,30.590282
2012-04-05,30.594452
2012-04-09,30.344595
2012-04-10,29.990629
2012-04-11,30.032278
2012-04-12,30.073921
2012-04-13,29.957312
2012-04-16,30.165533
2012-04-17,30.794329
2012-04-18,30.885942
2012-04-19,30.740191
2012-04-20,30.869282
2012-04-23,30.68606
2012-04-24,30.865122
2012-04-25,31.202425
2012-04-26,31.527229
2012-04-27,31.91033
2012-04-30,31.781242
2012-05-01,32.035255
2012-05-02,32.131035
2012-05-03,32.247635
2012-05-04,32.064407
2012-05-07,32.181015
2012-05-08,32.122711
2012-05-09,31.972801
2012-05-10,32.235146
2012-05-11,32.260124
2012-05-14,32.010288
2012-05-15,31.885342
2012-05-16,31.785412
2012-05-17,31.28154
2012-05-18,30.835968
2012-05-21,31.027523
2012-05-22,30.89427
2012-05-23,31.044182
2012-05-24,31.464758
2012-05-25,31.327341
2012-05-29,31.423122
2012-05-30,31.256556
2012-05-31,31.119143
2012-06-01,30.436197
2012-06-04,30.665234
2012-06-05,30.498661
2012-06-06,31.069168
2012-06-07,30.931746
2012-06-08,31.331507
2012-06-11,31.089996
2012-06-12,31.314854
2012-06-13,31.530153
2012-06-14,31.9734
2012-06-15,32.121147
2012-06-18,32.074711
2012-06-19,31.9734
2012-06-20,31.897404
2012-06-21,31.521702
2012-06-22,31.635691
2012-06-25,31.563923
2012-06-26,31.694786
2012-06-27,32.226692
2012-06-28,32.323784
2012-06-29,33.007664
2012-07-02,33.315834
2012-07-03,33.417145
2012-07-05,33.11742
2012-07-06,32.990776
2012-07-09,32.919014
2012-07-10,32.919014
2012-07-11,32.699501
2012-07-12,32.353336
2012-07-13,32.623512
2012-07-16,32.285789
2012-07-17,32.796589
2012-07-18,32.691051
2012-07-19,32.737488
2012-07-20,32.517975
2012-07-23,32.454659
2012-07-24,32.361778
2012-07-25,32.513741
2012-07-26,33.286282
2012-07-27,33.775967
2012-07-30,34.244556
2012-07-31,34.109463
2012-08-01,34.198116
2012-08-02,33.66621
2012-08-03,34.122128
2012-08-06,34.04192
2012-08-07,33.674652
2012-08-08,33.585999
2012-08-09,33.45092
2012-08-10,33.260948
2012-08-13,33.180737
2012-08-14,33.248287
2012-08-15,33.222961
2012-08-16,33.391808
2012-08-17,33.374924
2012-08-20,33.324276
2012-08-21,33.146976
2012-08-22,32.733261
2012-08-23,32.176029
2012-08-24,32.47998
2012-08-27,32.226692
2012-08-28,32.08316
2012-08-29,31.627241
2012-08-30,31.357063
2012-08-31,31.576588
2012-09-04,31.475262
2012-09-05,31.669456
2012-09-06,32.209808
2012-09-07,31.998735
2012-09-10,31.796101
2012-09-11,31.888971
2012-09-12,31.91873
2012-09-13,32.598755
2012-09-14,32.403244
2012-09-17,32.598755
2012-09-18,32.828259
2012-09-19,32.743259
2012-09-20,32.845257
2012-09-21,32.326744
2012-09-24,32.403244
2012-09-25,32.029236
2012-09-26,32.097233
2012-09-27,32.564751
2012-09-28,32.24173
2012-10-01,32.624249
2012-10-02,32.590252
2012-10-03,32.505238
2012-10-04,32.581753
2012-10-05,32.79425
2012-10-08,32.79425
2012-10-09,32.777256
2012-10-10,32.377743
2012-10-11,32.394737
2012-10-12,32.496746
2012-10-15,32.411747
2012-10-16,32.216232
2012-10-17,32.080231
2012-10-18,32.165234
2012-10-19,31.791216
2012-10-22,31.646717
2012-10-23,31.119694
2012-10-24,31.349207
2012-10-25,31.52771
2012-10-26,31.485207
2012-10-31,31.604212
2012-11-01,31.731718
2012-11-02,31.519215
2012-11-05,31.255695
2012-11-06,31.808212
2012-11-07,31.213194
2012-11-08,30.907185
2012-11-09,30.847687
2012-11-12,30.66918
2012-11-13,30.737175
2012-11-14,30.609671
2012-11-15,30.966686
2012-11-16,31.07719
2012-11-19,31.655214
2012-11-20,31.663717
2012-11-21,31.782713
2012-11-23,32.24173
2012-11-26,31.757219
2012-11-27,31.808212
2012-11-28,32.146286
2012-11-29,32.497192
2012-11-30,32.454388
2012-12-03,31.992231
2012-12-04,31.795382
2012-12-05,31.932316
2012-12-06,31.992231
2012-12-07,32.274658
2012-12-10,32.21476
2012-12-11,32.403046
2012-12-12,32.21476
2012-12-13,32.180519
2012-12-14,32.231869
2012-12-17,32.09494
2012-12-18,31.906645
2012-12-19,31.478704
2012-12-20,31.709791
2012-12-21,31.572866
2012-12-24,31.435919
2012-12-26,31.170595
2012-12-27,31.170595
2012-12-28,30.785463
2012-12-31,31.025097
2013-01-02,32.180519
2013-01-03,32.180519
2013-01-04,32.231869
2013-01-07,31.923761
2013-01-08,31.701237
2013-01-09,31.692673
2013-01-10,31.632771
2013-01-11,31.589966
2013-01-14,31.658447
2013-01-15,31.940876
2013-01-16,31.940876
2013-01-17,32.103489
2013-01-18,32.266109
2013-01-22,31.778269
2013-01-23,31.778269
2013-01-24,31.761139
2013-01-25,31.709791
2013-01-28,31.67556
2013-01-29,32.026466
2013-01-30,32.09494
2013-01-31,31.872406
2013-02-01,32.129166
2013-02-04,31.966555
2013-02-05,32.642689
2013-02-06,32.788193
2013-02-07,33.301704
2013-02-08,33.181889
2013-02-11,33.044945
2013-02-12,32.146286
2013-02-13,31.846729
2013-02-14,31.530058
2013-02-15,32.026466
2013-02-19,32.240421
2013-02-20,32.291779
2013-02-21,32.274658
2013-02-22,32.967915
2013-02-25,32.283222
2013-02-26,32.617008
2013-02-27,32.907997
2013-02-28,33.13908
2013-03-01,33.121967
2013-03-04,33.224686
2013-03-05,33.104858
2013-03-06,33.395851
2013-03-07,33.481438
2013-03-08,33.56702
2013-03-11,33.644051
2013-03-12,33.344501
2013-03-13,33.266918
2013-03-14,33.637596
2013-03-15,33.473808
2013-03-18,33.413464
2013-03-19,33.904842
2013-03-20,34.370342
2013-03-21,34.542759
2013-03-22,34.516895
2013-03-25,34.585857
2013-03-26,35.077236
2013-03-27,34.672066
2013-03-28,34.861725
2013-04-01,34.870335
2013-04-02,35.103111
2013-04-03,34.62896
2013-04-04,34.947922
2013-04-05,34.55138
2013-04-08,35.223789
2013-04-09,35.094482
2013-04-10,35.404816
2013-04-11,35.499653
2013-04-12,35.413445
2013-04-15,34.559998
2013-04-16,36.525501
2013-04-17,36.680664
2013-04-18,36.29274
2013-04-19,36.775497
2013-04-22,36.827221
2013-04-23,36.809986
2013-04-24,36.33585
2013-04-25,36.508259
2013-04-26,36.29274
2013-04-29,36.413429
2013-04-30,36.491024
2013-05-01,36.387573
2013-05-02,36.172047
2013-05-03,36.413429
2013-05-06,36.275501
2013-05-07,36.809986
2013-05-08,36.603088
2013-05-09,36.309978
2013-05-10,36.33585
2013-05-13,36.370331
2013-05-14,36.654808
2013-05-15,36.999634
2013-05-16,37.146187
2013-05-17,37.042732
2013-05-20,36.534119
2013-05-21,36.499634
2013-05-22,36.422054
2013-05-23,36.146194
2013-05-24,36.413429
2013-05-28,36.680664
2013-05-29,35.689308
2013-05-30,35.146202
2013-05-31,34.473793
2013-06-03,35.180691
2013-06-04,35.706543
2013-06-05,35.042759
2013-06-06,35.163448
2013-06-07,35.697922
2013-06-10,35.499653
2013-06-11,35.163448
2013-06-12,35.059277
2013-06-13,35.076645
2013-06-14,35.015884
2013-06-17,35.311016
2013-06-18,35.528011
2013-06-19,35.076645
2013-06-20,33.96558
2013-06-21,34.512428
2013-06-24,34.312778
2013-06-25,34.477707
2013-06-26,35.007202
2013-06-27,34.946442
2013-06-28,34.816238
2013-07-01,35.120041
2013-07-02,35.041924
2013-07-03,35.146084
2013-07-05,35.172127
2013-07-08,35.189476
2013-07-09,35.441208
2013-07-10,35.311016
2013-07-11,35.614822
2013-07-12,35.614822
2013-07-15,35.59745
2013-07-16,34.920403
2013-07-17,35.44989
2013-07-18,35.423855
2013-07-19,35.666893
2013-07-22,35.44989
2013-07-23,35.55405
2013-07-24,35.467243
2013-07-25,35.44989
2013-07-26,35.276279
2013-07-29,34.963806
2013-07-30,34.99852
2013-07-31,34.790199
2013-08-01,35.215523
2013-08-02,34.911716
2013-08-05,34.972477
2013-08-06,35.041924
2013-08-07,34.85096
2013-08-08,34.894356
2013-08-09,34.859634
2013-08-12,34.573189
2013-08-13,34.41695
2013-08-14,34.312778
2013-08-15,33.930859
2013-08-16,33.896133
2013-08-19,33.661774
2013-08-20,33.548923
2013-08-21,33.227757
2013-08-22,33.253799
2013-08-23,33.436092
2013-08-26,33.088882
2013-08-27,33.114918
2013-08-28,33.288528
2013-08-29,33.071518
2013-08-30,33.140953
2013-09-03,32.897911
2013-09-04,33.453445
2013-09-05,33.193047
2013-09-06,33.288528
2013-09-09,33.436092
2013-09-10,33.531574
2013-09-11,33.661774
2013-09-12,33.609314
2013-09-13,33.8279
2013-09-16,33.97654
2013-09-17,33.915325
2013-09-18,34.614792
2013-09-19,34.369976
2013-09-20,34.448666
2013-09-23,33.775433
2013-09-24,33.688
2013-09-25,33.513142
2013-09-26,33.871609
2013-09-27,33.574337
2013-09-30,33.11969
2013-10-01,33.180893
2013-10-02,32.726242
2013-10-03,32.490166
2013-10-04,32.525139
2013-10-07,32.39399
2013-10-08,32.595089
2013-10-09,32.420227
2013-10-10,33.032257
2013-10-11,33.023506
2013-10-14,33.145912
2013-10-15,32.927334
2013-10-16,33.224606
2013-10-17,33.705486
2013-10-18,33.906582
2013-10-21,33.941559
2013-10-22,34.177635
2013-10-23,34.177635
2013-10-24,33.92408
2013-10-25,34.125168
2013-10-28,34.632278
2013-10-29,34.798405
2013-10-30,34.641026
2013-10-31,34.597309
2013-11-01,34.632278
2013-11-04,34.544842
2013-11-05,34.536102
2013-11-06,35.016987
2013-11-07,34.824635
2013-11-08,35.016987
2013-11-11,34.859604
2013-11-12,34.868351
2013-11-13,35.078186
2013-11-14,35.156879
2013-11-15,35.165623
2013-11-18,35.121906
2013-11-19,35.095673
2013-11-20,35.02573
2013-11-21,35.349236
2013-11-22,35.349236
2013-11-25,35.296768
2013-11-26,35.191849
2013-11-27,35.385555
2013-11-29,35.385555
2013-12-02,35.288708
2013-12-03,35.526424
2013-12-04,35.544037
2013-12-05,35.068592
2013-12-06,35.623272
2013-12-09,35.570442
2013-12-10,35.086201
2013-12-11,35.332726
2013-12-12,34.522709
2013-12-13,34.540318
2013-12-16,34.575523
2013-12-17,34.425846
2013-12-18,35.235878
2013-12-19,35.095001
2013-12-20,35.253479
2013-12-23,35.359131
2013-12-24,35.385555
2013-12-26,35.649693
2013-12-27,35.79937
2013-12-30,36.177959
2013-12-31,36.371666
2014-01-02,35.79937
2014-01-03,35.623272
2014-01-06,35.455994
2014-01-07,35.561642
2014-01-08,35.165436
2014-01-09,34.980553
2014-01-10,35.332726
2014-01-13,34.804451
2014-01-14,34.945328
2014-01-15,35.006958
2014-01-16,34.96294
2014-01-17,34.584332
2014-01-21,35.147823
2014-01-22,35.130211
2014-01-23,34.54911
2014-01-24,34.196941
2014-01-27,34.10009
2014-01-28,34.223347
2014-01-29,33.369308
2014-01-30,33.607025
2014-01-31,33.298866
2014-02-03,32.752983
2014-02-04,32.999516
2014-02-05,33.113972
2014-02-06,33.483772
2014-02-07,33.413326
2014-02-10,33.959206
2014-02-11,34.020847
2014-02-12,33.906384
2014-02-13,34.029652
2014-02-14,34.276176
2014-02-18,32.990711
2014-02-19,32.664944
2014-02-20,32.84103
2014-02-21,32.735378
2014-02-24,33.017124
2014-02-25,33.254845
2014-02-26,33.342888
2014-02-27,33.518982
2014-02-28,33.633446
2014-03-03,33.563007
2014-03-04,33.730293
2014-03-05,33.765503
2014-03-06,33.871166
2014-03-07,33.941608
2014-03-10,34.029652
2014-03-11,34.161716
2014-03-12,34.139526
2014-03-13,33.69582
2014-03-14,33.873302
2014-03-17,33.962048
2014-03-18,34.077408
2014-03-19,33.846672
2014-03-20,34.121792
2014-03-21,34.112907
2014-03-24,34.077408
2014-03-25,34.272644
2014-03-26,34.263767
2014-03-27,34.450138
2014-03-28,34.565495
2014-03-31,34.30814
2014-04-01,34.086285
2014-04-02,34.015293
2014-04-03,33.784554
2014-04-04,33.917671
2014-04-07,34.272644
2014-04-08,34.52113
2014-04-09,34.600998
2014-04-10,34.512249
2014-04-11,34.281521
2014-04-14,34.37027
2014-04-15,35.657036
2014-04-16,36.020893
2014-04-17,36.13625
2014-04-21,36.162872
2014-04-22,36.12738
2014-04-23,36.145123
2014-04-24,36.118507
2014-04-25,36.393608
2014-04-28,36.411358
2014-04-29,36.003136
2014-04-30,36.198383
2014-05-01,36.189499
2014-05-02,36.34037
2014-05-05,36.171757
2014-05-06,35.932148
2014-05-07,36.304871
2014-05-08,36.145123
2014-05-09,36.269363
2014-05-12,36.224995
2014-05-13,36.482357
2014-05-14,36.287121
2014-05-15,35.958775
2014-05-16,36.287121
2014-05-19,36.12738
2014-05-20,36.012028
2014-05-21,36.269363
2014-05-22,36.012028
2014-05-23,36.012028
2014-05-27,36.18063
2014-05-28,36.012028
2014-05-29,36.083008
2014-05-30,36.304871
2014-06-02,36.260498
2014-06-03,36.278244
2014-06-04,36.198383
2014-06-05,36.287121
2014-06-06,36.375862
2014-06-09,36.304871
2014-06-10,36.446861
2014-06-11,36.260498
2014-06-12,36.139786
2014-06-13,36.095089
2014-06-16,36.354378
2014-06-17,36.586842
2014-06-18,37.159073
2014-06-19,37.364723
2014-06-20,37.275307
2014-06-23,37.311069
2014-06-24,37.418362
2014-06-25,37.516708
2014-06-26,37.579308
2014-06-27,37.722351
2014-06-30,37.874363
2014-07-01,37.811771
2014-07-02,37.811771
2014-07-03,37.758121
2014-07-07,37.677654
2014-07-08,37.498833
2014-07-09,37.507767
2014-07-10,37.784946
2014-07-11,37.525665
2014-07-14,37.892242
2014-07-15,37.641888
2014-07-16,37.659771
2014-07-17,37.57037
2014-07-18,37.936943
2014-07-21,37.910126
2014-07-22,36.828251
2014-07-23,36.488495
2014-07-24,36.631554
2014-07-25,36.658375
2014-07-28,36.372261
2014-07-29,36.077202
2014-07-30,35.424507
2014-07-31,35.129452
2014-08-01,35.129452
2014-08-04,35.227806
2014-08-05,35.031097
2014-08-06,35.692734
2014-08-07,35.183098
2014-08-08,35.272503
2014-08-11,35.379803
2014-08-12,35.478149
2014-08-13,35.710617
2014-08-14,35.925205
2014-08-15,36.551086
2014-08-18,36.97131
2014-08-19,36.890842
2014-08-20,36.881905
2014-08-21,37.024956
2014-08-22,36.765663
2014-08-25,37.024956
2014-08-26,37.194836
2014-08-27,37.194836
2014-08-28,37.221657
2014-08-29,37.302135
2014-09-02,37.230595
2014-09-03,37.355782
2014-09-04,37.436249
2014-09-05,37.409428
2014-09-08,37.355782
2014-09-09,37.498833
2014-09-10,37.704479
2014-09-11,37.781029
2014-09-12,37.339725
2014-09-15,37.375751
2014-09-16,37.501839
2014-09-17,37.474815
2014-09-18,37.636936
2014-09-19,37.87109
2014-09-22,38.024204
2014-09-23,37.726986
2014-09-24,38.069225
2014-09-25,37.627922
2014-09-26,38.006184
2014-09-29,38.051216
2014-09-30,38.420467
2014-10-01,38.492519
2014-10-02,38.420467
2014-10-03,38.726681
2014-10-06,39.267052
2014-10-07,39.555252
2014-10-08,40.122643
2014-10-09,39.51022
2014-10-10,40.050602
2014-10-13,39.690353
2014-10-14,39.303085
2014-10-15,38.933826
2014-10-16,38.330406
2014-10-17,38.61861
2014-10-20,38.987862
2014-10-21,36.637241
2014-10-22,36.583202
2014-10-23,36.799355
2014-10-24,36.952465
2014-10-27,36.70929
2014-10-28,36.529167
2014-10-29,36.889423
2014-10-30,37.28569
2014-10-31,37.717991
2014-11-03,37.654949
2014-11-04,37.663956
2014-11-05,38.105255
2014-11-06,38.087242
2014-11-07,38.114254
2014-11-10,38.177303
2014-11-11,38.285374
2014-11-12,38.465496
2014-11-13,38.537548
2014-11-14,38.483509
2014-11-17,38.654629
2014-11-18,39.204014
2014-11-19,39.825436
2014-11-20,39.852459
2014-11-21,40.077614
2014-11-24,39.870468
2014-11-25,40.014565
2014-11-26,40.164196
2014-11-28,40.6539
2014-12-01,40.399979
2014-12-02,40.390915
2014-12-03,39.719837
2014-12-04,39.447788
2014-12-05,39.474998
2014-12-08,39.121326
2014-12-09,38.123798
2014-12-10,37.724781
2014-12-11,37.661297
2014-12-12,37.099064
2014-12-15,36.790733
2014-12-16,36.627499
2014-12-17,37.67944
2014-12-18,38.441193
2014-12-19,38.042175
2014-12-22,38.404907
2014-12-23,38.967159
2014-12-24,38.939953
2014-12-26,38.958096
2014-12-29,38.867409
2014-12-30,38.776726
2014-12-31,38.287029
2015-01-02,38.214489
2015-01-05,38.214489
2015-01-06,38.504673
2015-01-07,38.985302
2015-01-08,39.456856
2015-01-09,39.021576
2015-01-12,38.667904
2015-01-13,38.658836
2015-01-14,38.595356
2015-01-15,38.432125
2015-01-16,38.568146
2015-01-20,39.139469
2015-01-21,39.320831
2015-01-22,39.701706
2015-01-23,39.27549
2015-01-26,38.99437
2015-01-27,38.441193
2015-01-28,38.014973
2015-01-29,38.178207
2015-01-30,37.334839
2015-02-02,37.715714
2015-02-03,37.751995
2015-02-04,37.797333
2015-02-05,37.897087
2015-02-06,37.58876
2015-02-09,37.389252
2015-02-10,38.450264
2015-02-11,38.42305
2015-02-12,38.241684
2015-02-13,38.078453
2015-02-17,37.915218
2015-02-18,37.84267
2015-02-19,38.187271
2015-02-20,38.060318
2015-02-23,37.951492
2015-02-24,38.20541
2015-02-25,38.13287
2015-02-26,38.504673
2015-02-27,39.266418
2015-03-02,39.175743
2015-03-03,38.94902
2015-03-04,38.540947
2015-03-05,38.450264
2015-03-06,37.652237
2015-03-09,37.53434
2015-03-10,36.899555
2015-03-11,36.36451
2015-03-12,37.096012
2015-03-13,36.492527
2015-03-16,36.839985
2015-03-17,37.041145
2015-03-18,37.123436
2015-03-19,36.593109
2015-03-20,37.169155
2015-03-23,37.141731
2015-03-24,37.004574
2015-03-25,36.986282
2015-03-26,36.894848
2015-03-27,36.647968
2015-03-30,37.041145
2015-03-31,37.077724
2015-04-01,37.19659
2015-04-02,37.19659
2015-04-06,37.64463
2015-04-07,37.498333
2015-04-08,37.388603
2015-04-09,37.534904
2015-04-10,37.379467
2015-04-13,37.214878
2015-04-14,37.041145
2015-04-15,36.940571
2015-04-16,37.123436
2015-04-17,36.849129
2015-04-20,37.178307
2015-04-21,37.288033
2015-04-22,37.772644
2015-04-23,37.44347
2015-04-24,37.388603
2015-04-27,37.333744
2015-04-28,37.278885
2015-04-29,37.022869
2015-04-30,37.086868
2015-05-01,37.406902
2015-05-04,37.452618
2015-05-05,37.260605
2015-05-06,37.178307
2015-05-07,37.214878
2015-05-08,37.470905
2015-05-11,37.434326
2015-05-12,37.205734
2015-05-13,37.534904
2015-05-14,37.946373
2015-05-15,37.964657
2015-05-18,37.781792
2015-05-19,37.772644
2015-05-20,37.809219
2015-05-21,37.69949
2015-05-22,37.681206
2015-05-26,37.480045
2015-05-27,37.598915
2015-05-28,37.617203
2015-05-29,37.452618
2015-06-01,37.434326
2015-06-02,37.480045
2015-06-03,37.370316
2015-06-04,37.114304
2015-06-05,36.666256
2015-06-08,36.721115
2015-06-09,36.757698
2015-06-10,36.876568
2015-06-11,36.968754
2015-06-12,36.839687
2015-06-15,36.498569
2015-06-16,36.950314
2015-06-17,37.125477
2015-06-18,37.475807
2015-06-19,37.245327
2015-06-22,37.31908
2015-06-23,37.226891
2015-06-24,37.051723
2015-06-25,36.894997
2015-06-26,36.876564
2015-06-29,36.323414
2015-06-30,36.166691
2015-07-01,36.415607
2015-07-02,36.406384
2015-07-06,36.341846
2015-07-07,37.107037
2015-07-08,36.747494
2015-07-09,36.802807
2015-07-10,37.236107
2015-07-13,37.485027
2015-07-14,37.9552
2015-07-15,37.918331
2015-07-16,38.240997
2015-07-17,38.02895
2015-07-20,38.148804
2015-07-21,37.973637
2015-07-22,37.706291
2015-07-23,37.65097
2015-07-24,37.2822
2015-07-27,37.374393
2015-07-28,37.383614
2015-07-29,37.42049
2015-07-30,37.39283
2015-07-31,37.872234
2015-08-03,38.29631
2015-08-04,38.582104
2015-08-05,38.831017
2015-08-06,38.646637
2015-08-07,38.50835
2015-08-10,38.425377
2015-08-11,38.240997
2015-08-12,38.038174
2015-08-13,37.890667
2015-08-14,38.02895
2015-08-17,38.12114
2015-08-18,38.075043
2015-08-19,37.595654
2015-08-20,37.383614
2015-08-21,36.44326
2015-08-24,35.383064
2015-08-25,35.02351
2015-08-26,35.705734
2015-08-27,36.203568
2015-08-28,36.369507
2015-08-31,36.249657
2015-09-01,35.724171
2015-09-02,35.86245
2015-09-03,36.102146
2015-09-04,35.512131
2015-09-08,35.86245
2015-09-09,35.309307
2015-09-10,35.419937
2015-09-11,35.457138
2015-09-14,35.429237
2015-09-15,35.801197
2015-09-16,36.405632
2015-09-17,36.619507
2015-09-18,36.247551
2015-09-21,36.442829
2015-09-22,36.070866
2015-09-23,36.042973
2015-09-24,36.405632
2015-09-25,36.842686
2015-09-28,36.758991
2015-09-29,36.879883
2015-09-30,37.307636
2015-10-01,37.010067
2015-10-02,37.558708
2015-10-05,38.135246
2015-10-06,38.088753
2015-10-07,38.609501
2015-10-08,39.037251
2015-10-09,39.074448
2015-10-12,39.055847
2015-10-13,38.730392
2015-10-14,38.758278
2015-10-15,38.981453
2015-10-16,39.074448
2015-10-19,39.046551
2015-10-20,39.32552
2015-10-21,39.232536
2015-10-22,40.208927
2015-10-23,39.79047
2015-10-26,39.604492
2015-10-27,39.623089
2015-10-28,39.73468
2015-10-29,39.79047
2015-10-30,39.381321
2015-11-02,39.27903
2015-11-03,39.204636
2015-11-04,39.02795
2015-11-05,39.36272
2015-11-06,39.018654
2015-11-09,38.628098
2015-11-10,38.841972
2015-11-11,39.093044
2015-11-12,38.665295
2015-11-13,38.479309
2015-11-16,39.018654
2015-11-17,38.748978
2015-11-18,39.316219
2015-11-19,40.088047
2015-11-20,39.455704
2015-11-23,39.948555
2015-11-24,40.320511
2015-11-25,40.320511
2015-11-27,40.432964
2015-11-30,39.936333
2015-12-01,40.189331
2015-12-02,40.076885
2015-12-03,39.786404
2015-12-04,40.564144
2015-12-07,40.479809
2015-12-08,40.301773
2015-12-09,39.973812
2015-12-10,40.067516
2015-12-11,39.608376
2015-12-14,39.777035
2015-12-15,40.35799
2015-12-16,41.079517
2015-12-17,40.751556
2015-12-18,39.823887
2015-12-21,40.086254
2015-12-22,40.564144
2015-12-23,40.920216
2015-12-24,40.798405
2015-12-28,40.751556
2015-12-29,40.957699
2015-12-30,40.826511
2015-12-31,40.254921
2016-01-04,39.730186
2016-01-05,39.870743
2016-01-06,39.65522
2016-01-07,38.999302
2016-01-08,38.896221
2016-01-11,38.961819
2016-01-12,39.467815
2016-01-13,39.214817
2016-01-14,39.242931
2016-01-15,38.88686
2016-01-19,39.280411
2016-01-20,38.77441
2016-01-21,38.783783
2016-01-22,39.411594
2016-01-25,39.505299
2016-01-26,39.430332
2016-01-27,39.439701
2016-01-28,39.889477
2016-01-29,40.217434
2016-02-01,40.292408
2016-02-02,39.767666
2016-02-03,40.030041
2016-02-04,39.852001
2016-02-05,39.767666
2016-02-08,39.964447
2016-02-09,40.573517
2016-02-10,39.870743
2016-02-11,39.739555
2016-02-12,40.395477
2016-02-16,40.629742
2016-02-17,40.751556
2016-02-18,40.863995
2016-02-19,41.01392
2016-02-22,41.173214
2016-02-23,40.938957
2016-02-24,41.1451
2016-02-25,41.379364
2016-02-26,40.423592
2016-02-29,40.414219
2016-03-01,40.938957
2016-03-02,41.01392
2016-03-03,41.191952
2016-03-04,41.332512
2016-03-07,41.238804
2016-03-08,41.529282
2016-03-09,41.988441
2016-03-10,42.381989
2016-03-11,42.684174
2016-03-14,42.769169
2016-03-15,42.721951
2016-03-16,42.542522
2016-03-17,43.22245
2016-03-18,43.061913
2016-03-21,43.128014
2016-03-22,42.96748
2016-03-23,42.929699
2016-03-24,43.04303
2016-03-28,43.250782
2016-03-29,43.892933
2016-03-30,43.987373
2016-03-31,43.807941
2016-04-01,44.22345
2016-04-04,44.280109
2016-04-05,43.940151
2016-04-06,44.11013
2016-04-07,43.779617
2016-04-08,44.261223
2016-04-11,43.855156
2016-04-12,44.053471
2016-04-13,43.477428
2016-04-14,43.27911
2016-04-15,43.534084
2016-04-18,43.647404
2016-04-19,44.006248
2016-04-20,41.900375
2016-04-21,41.229893
2016-04-22,42.060917
2016-04-25,42.221447
2016-04-26,42.051468
2016-04-27,42.193123
2016-04-28,42.145905
2016-04-29,42.306442
2016-05-02,42.476421
2016-05-03,42.344212
2016-05-04,42.476421
2016-05-05,42.551968
2016-05-06,42.797497
2016-05-09,42.721951
2016-05-10,43.203564
2016-05-11,42.929699
2016-05-12,43.27911
2016-05-13,42.825825
2016-05-16,43.080795
2016-05-17,42.259224
2016-05-18,42.004246
2016-05-19,41.853157
2016-05-20,41.503754
2016-05-23,41.52264
2016-05-24,41.900375
2016-05-25,41.909821
2016-05-26,42.202557
2016-05-27,42.287552
2016-05-31,42.117573
2016-06-01,42.212002
2016-06-02,42.230896
2016-06-03,42.533085
2016-06-06,42.844715
2016-06-07,42.797497
2016-06-08,43.014698
2016-06-09,43.213005
2016-06-10,43.430206
2016-06-13,42.935379
2016-06-14,42.859257
2016-06-15,42.8307
2016-06-16,43.11618
2016-06-17,42.621357
2016-06-20,42.802162
2016-06-21,42.944897
2016-06-22,42.687969
2016-06-23,42.89732
2016-06-24,41.802994
2016-06-27,41.660259
2016-06-28,42.040894
2016-06-29,42.288303
2016-06-30,43.135216
2016-07-01,42.935379
2016-07-05,43.230373
2016-07-06,43.078121
2016-07-07,42.906834
2016-07-08,43.182793
2016-07-11,43.363594
2016-07-12,43.373108
2016-07-13,43.52536
2016-07-14,43.477783
2016-07-15,43.420685
2016-07-18,43.420685
2016-07-19,43.420685
2016-07-20,43.306496
2016-07-21,43.249409
2016-07-22,43.611004
2016-07-25,43.363594
2016-07-26,42.707001
2016-07-27,41.29866
2016-07-28,41.53656
2016-07-29,41.517525
2016-08-01,41.346241
2016-08-02,41.422363
2016-08-03,41.527042
2016-08-04,41.403336
2016-08-05,41.374786
2016-08-08,41.336723
2016-08-09,41.365273
2016-08-10,41.498493
2016-08-11,41.631718
2016-08-12,41.898155
2016-08-15,42.097992
2016-08-16,41.707844
2016-08-17,41.926701
2016-08-18,41.964767
2016-08-19,41.79348
2016-08-22,41.622204
2016-08-23,41.726871
2016-08-24,41.726871
2016-08-25,41.555588
2016-08-26,41.222534
2016-08-29,41.431881
2016-08-30,41.146404
2016-08-31,41.327206
2016-09-01,41.25108
2016-09-02,41.546074
2016-09-06,41.669777
2016-09-07,41.527042
2016-09-08,41.517525
2016-09-09,40.22337
2016-09-12,41.098827
2016-09-13,40.561584
2016-09-14,40.398502
2016-09-15,40.638336
2016-09-16,40.42728
2016-09-19,40.388905
2016-09-20,40.619148
2016-09-21,40.80143
2016-09-22,41.213951
2016-09-23,41.002892
2016-09-26,40.340939
2016-09-27,40.85899
2016-09-28,40.436871
2016-09-29,40.321747
2016-09-30,40.59996
2016-10-03,40.321747
2016-10-04,40.139469
2016-10-05,40.110687
2016-10-06,40.014755
2016-10-07,40.033943
2016-10-10,40.033943
2016-10-11,39.851662
2016-10-12,40.081913
2016-10-13,40.062721
2016-10-14,39.976383
2016-10-17,39.909222
2016-10-18,40.264183
2016-10-19,40.340939
2016-10-20,40.225811
2016-10-21,40.417686
2016-10-24,40.830212
2016-10-25,40.81102
2016-10-26,40.71508
2016-10-27,40.408089
2016-10-28,40.513618
2016-10-31,40.676716
2016-11-01,40.408089
2016-11-02,40.340939
2016-11-03,40.321747
2016-11-04,39.995567
2016-11-07,40.734272
2016-11-08,41.137207
2016-11-09,40.551994
2016-11-10,39.276051
2016-11-11,39.362392
2016-11-14,39.4967
2016-11-15,39.75573
2016-11-16,39.583042
2016-11-17,39.448734
2016-11-18,39.247269
2016-11-21,39.678982
2016-11-22,39.688572
2016-11-23,39.448734
2016-11-25,39.842068
2016-11-28,40.053131
2016-11-29,39.811264
2016-11-30,39.037289
2016-12-01,38.863144
2016-12-02,39.046963
2016-12-05,39.298504
2016-12-06,39.25013
2016-12-07,39.946709
2016-12-08,39.646793
2016-12-09,40.63361
2016-12-12,40.536861
2016-12-13,40.401413
2016-12-14,39.869312
2016-12-15,40.19825
2016-12-16,40.382072
2016-12-19,40.314346
2016-12-20,40.304665
2016-12-21,40.217598
2016-12-22,40.19825
2016-12-23,40.246616
2016-12-27,40.256294
2016-12-28,40.043457
2016-12-29,40.246616
2016-12-30,40.111172
2017-01-03,40.440113
2017-01-04,40.294994
2017-01-05,40.391739
2017-01-06,40.382072
2017-01-09,39.975727
2017-01-10,39.704842
2017-01-11,39.714516
2017-01-12,39.617771
2017-01-13,39.550045
2017-01-17,39.878986
2017-01-18,39.946709
2017-01-19,39.801586
2017-01-20,39.975727
2017-01-23,40.082153
2017-01-24,40.536861
2017-01-25,40.749702
2017-01-26,40.449787
2017-01-27,40.101505
2017-01-30,40.033783
2017-01-31,40.217598
2017-02-01,39.917683
2017-02-02,40.053131
2017-02-03,40.188576
2017-02-06,40.207924
2017-02-07,40.536861
2017-02-08,40.652962
2017-02-09,39.908012
2017-02-10,39.259808
2017-02-13,39.298504
2017-02-14,39.21143
2017-02-15,39.124363
2017-02-16,39.859638
2017-02-17,39.888657
2017-02-21,40.111172
2017-02-22,40.246616
2017-02-23,40.304665
2017-02-24,40.420765
2017-02-27,40.314346
2017-02-28,40.59491
2017-03-01,40.788406
2017-03-02,41.088318
2017-03-03,41.097992
2017-03-06,40.807751
2017-03-07,40.623936
2017-03-08,40.623936
2017-03-09,40.662632
2017-03-10,40.914177
2017-03-13,41.021538
2017-03-14,40.962978
2017-03-15,41.109375
2017-03-16,41.236256
2017-03-17,41.021538
2017-03-20,41.167938
2017-03-21,41.480259
2017-03-22,41.36314
2017-03-23,41.158173
2017-03-24,41.109375
2017-03-27,41.304577
2017-03-28,41.411942
2017-03-29,41.402176
2017-03-30,41.577858
2017-03-31,41.421696
2017-04-03,41.392422
2017-04-04,41.655941
2017-04-05,41.548576
2017-04-06,41.646175
2017-04-07,41.58762
2017-04-10,41.665695
2017-04-11,41.636421
2017-04-12,41.909698
2017-04-13,41.763298
2017-04-17,42.036579
2017-04-18,42.436745
2017-04-19,42.192745
2017-04-20,42.056103
2017-04-21,42.036579
2017-04-24,42.241543
2017-04-25,42.075623
2017-04-26,42.202507
2017-04-27,41.97802
2017-04-28,42.114662
2017-05-01,42.182983
2017-05-02,42.348904
2017-05-03,42.280582
2017-05-04,42.612427
2017-05-05,42.641708
2017-05-08,42.836906
2017-05-09,42.466022
2017-05-10,42.524582
2017-05-11,42.622185
2017-05-12,42.544106
2017-05-15,42.680748
2017-05-16,42.797863
2017-05-17,42.875946
2017-05-18,42.749065
2017-05-19,42.846668
2017-05-22,43.119949
2017-05-23,43.324909
2017-05-24,43.949551
2017-05-25,44.320435
2017-05-26,44.300915
2017-05-30,44.339958
2017-05-31,44.378998
2017-06-01,44.691319
2017-06-02,44.788918
2017-06-05,44.88652
2017-06-06,44.876759
2017-06-07,44.418034
2017-06-08,44.047153
2017-06-09,44.232594
2017-06-12,44.242359
2017-06-13,44.311237
2017-06-14,44.576927
2017-06-15,44.527725
2017-06-16,44.586769
2017-06-19,44.655651
2017-06-20,44.881981
2017-06-21,44.498207
2017-06-22,44.350601
2017-06-23,44.527725
2017-06-26,44.704857
2017-06-27,44.330917
2017-06-28,44.596611
2017-06-29,44.114433
2017-06-30,44.134109
2017-07-03,44.045547
2017-07-05,44.104591
2017-07-06,43.691296
2017-07-07,43.681454
2017-07-10,43.671616
2017-07-11,43.622414
2017-07-12,43.799538
2017-07-13,43.720814
2017-07-14,43.966827
2017-07-17,44.016026
2017-07-18,43.956985
2017-07-19,44.114433
2017-07-20,44.104591
2017-07-21,44.311237
2017-07-24,44.124271
2017-07-25,44.517887
2017-07-26,45.009907
2017-07-27,45.383839
2017-07-28,45.275597
2017-07-31,45.108307
2017-08-01,44.970543
2017-08-02,44.862301
2017-08-03,44.941021
2017-08-04,44.773735
2017-08-07,44.911499
2017-08-08,44.872139
2017-08-09,44.862301
2017-08-10,45.009907
2017-08-11,44.862301
2017-08-14,45.068947
2017-08-15,45.452721
2017-08-16,45.462563
2017-08-17,45.127991
2017-08-18,44.941021
2017-08-21,44.950867
2017-08-22,44.872139
2017-08-23,44.813099
2017-08-24,44.685173
2017-08-25,44.842617
2017-08-28,44.695015
2017-08-29,44.724533
2017-08-30,44.665493
2017-08-31,44.822941
2017-09-01,45.049267
2017-09-05,45.187031
2017-09-06,45.226395
2017-09-07,45.541286
2017-09-08,45.560966
2017-09-11,45.777454
2017-09-12,45.974262
2017-09-13,46.121868
2017-09-14,45.735039
2017-09-15,45.80447
2017-09-18,45.735039
2017-09-19,45.606098
2017-09-20,45.407722
2017-09-21,45.030815
2017-09-22,45.120083
2017-09-25,45.318455
2017-09-26,45.199432
2017-09-27,44.276993
2017-09-28,44.5448
2017-09-29,44.643982
2017-10-02,44.435692
2017-10-03,44.822521
2017-10-04,45.130001
2017-10-05,45.149837
2017-10-06,45.120083
2017-10-09,45.040733
2017-10-10,45.49699
2017-10-11,45.725121
2017-10-12,45.735039
2017-10-13,45.80447
2017-10-16,46.240891
2017-10-17,46.141705
2017-10-18,46.022682
2017-10-19,46.211136
2017-10-20,46.002846
2017-10-23,45.943333
2017-10-24,45.80447
2017-10-25,45.675526
2017-10-26,45.854065
2017-10-27,45.695366
2017-10-30,45.487072
2017-10-31,45.606098
2017-11-01,45.427559
2017-11-02,45.506912
2017-11-03,45.59618
2017-11-06,45.100246
2017-11-07,45.566422
2017-11-08,45.80447
2017-11-09,45.854065
2017-11-10,46.161545
2017-11-13,46.34008
2017-11-14,47.044308
2017-11-15,46.429348
2017-11-16,46.171459
2017-11-17,45.338291
2017-11-20,45.090324
2017-11-21,45.407722
2017-11-22,45.467236
2017-11-24,45.506912
2017-11-27,45.526749
2017-11-28,45.457317
2017-11-29,45.130001
2017-11-30,45.77
2017-12-01,45.970001
2017-12-04,46.23
2017-12-05,46.259998
2017-12-06,46.450001
2017-12-07,45.779999
2017-12-08,45.310001
2017-12-11,45.330002
2017-12-12,45.290001
2017-12-13,45.900002
2017-12-14,46.029999
2017-12-15,46.189999
2017-12-18,45.93
2017-12-19,46.130001
2017-12-20,46.080002
2017-12-21,45.599998
2017-12-22,45.59
2017-12-26,45.810001
2017-12-27,45.93
2017-12-28,45.720001
2017-12-29,45.880001
2018-01-02,45.540001
2018-01-03,45.439999
2018-01-04,46.080002
2018-01-05,46.07
2018-01-08,46
2018-01-09,46.23
2018-01-10,46.07
2018-01-11,46.040001
2018-01-12,46.150002
2018-01-16,46.529999
2018-01-17,46.82
2018-01-18,46.880001
2018-01-19,47.16
2018-01-22,47.380001
2018-01-23,47.450001
2018-01-24,47.830002
2018-01-25,47.84
2018-01-26,48.529999
2018-01-29,47.700001
2018-01-30,47.41
2018-01-31,47.59
